업종명,업소명,영업소 주소(도로명),소재지전화,영업자시작일
숙박업(일반),조인장모텔,부산광역시 기장군 기장읍 차성동로 52-14,051-721-2212,2010-07-29
숙박업(일반),올리브모텔,부산광역시 기장군 기장읍 대변로 20,051-721-7390,2006-04-26
숙박업(일반),늘봄모텔,부산광역시 기장군 일광읍 삼성3길 53-3,051-724-3360,2017-05-04
숙박업(일반),해변여관,부산광역시 기장군 일광읍 삼성3길 27,051-721-1882,2013-09-05
숙박업(일반),베스트루이스해밀턴호텔 기장점(BEST LOUIS HAMILTON HOTEL),부산광역시 기장군 기장읍 반송로 1545,051-721-2203,2025-07-25
숙박업(일반),뷰모텔,부산광역시 기장군 기장읍 연화길 76,051-724-9201,2023-06-07
숙박업(일반),호텔오월로,부산광역시 기장군 기장읍 차성로 365,051-722-4561,2018-09-28
숙박업(일반),호텔오즈,부산광역시 기장군 기장읍 기장해안로 530,051-722-9030,2021-08-30
숙박업(일반),초콜릿,부산광역시 기장군 기장읍 연화길 32,051-723-2988,2010-05-03
숙박업(일반),호텔리안,부산광역시 기장군 기장읍 차성로 367,051-722-4541,2021-06-02
숙박업(일반),기장힐,부산광역시 기장군 기장읍 차성로404번길 14,051-722-5925,2022-10-31
숙박업(일반),넘버25호텔(No25Hotel),부산광역시 기장군 기장읍 차성로 390,051-722-4088,2018-05-23
숙박업(일반),이데아호텔,부산광역시 기장군 기장읍 차성로 403,051-724-2265,2016-11-01
숙박업(일반),지앤지(G&G)모텔,부산광역시 기장군 기장읍 기장해안로 442,051-724-8544,2013-01-29
숙박업(일반),짱모텔,부산광역시 기장군 기장읍 차성로 375,051-722-5662,2016-01-04
숙박업(일반),루이스호텔,부산광역시 기장군 기장읍 차성동로45번길 13,051-722-5020,2022-03-31
숙박업(일반),MVG모텔,부산광역시 기장군 기장읍 기장해안로 438,051-722-7727,2018-04-11
숙박업(일반),큐모텔,부산광역시 기장군 기장읍 차성로 370,051-721-7922,2018-01-31
숙박업(일반),브라운도트호텔 일광해수욕장점,부산광역시 기장군 일광읍 일역길 95-3,051-722-8045,2021-09-14
숙박업(일반),호텔페오,부산광역시 기장군 기장읍 차성로 397,051-723-0809,2012-07-12
숙박업(일반),헤이데이호텔,부산광역시 기장군 기장읍 반송로 1547,051-806-7788,2021-03-31
숙박업(일반),2PM호텔,부산광역시 기장군 기장읍 차성로 371,051-722-6935,2019-02-21
숙박업(일반),꿈의궁전,부산광역시 기장군 기장읍 기장해안로 546,051-721-7488,2026-02-23
숙박업(일반),쉼표모텔,부산광역시 기장군 일광읍 삼성1길 13,051-723-9248,2015-12-15
숙박업(일반),죽성여인숙,부산광역시 기장군 기장읍 두호길 31,051-722-7933,1997-01-03
숙박업(일반),브라운도트 기장역점,부산광역시 기장군 기장읍 반송로 1523,051-724-8400,2024-10-04
숙박업(일반),넘버이십오(기장 연화리점),부산광역시 기장군 기장읍 연화길 64,051-722-8001,2025-05-09
숙박업(일반),하운드 오시리아점,부산광역시 기장군 기장읍 기장대로413번길 32,051-724-3100,2024-04-12
숙박업(일반),캐슬모텔,부산광역시 기장군 일광읍 삼성1길 5-7,051-723-0954,2012-11-26
숙박업(일반),브룩스호텔,부산광역시 기장군 기장읍 차성로 371,051-723-0497,2023-06-14
숙박업(일반),호시카게료칸호텔,부산광역시 기장군 기장읍 대변로 133,051-724-4301,2025-10-17
숙박업(일반),휴모텔,부산광역시 기장군 기장읍 대청로72번길 24-8,051-724-5335,2012-11-06
숙박업(일반),기장테마모텔,부산광역시 기장군 기장읍 차성동로45번길 26,051-724-0662,2022-06-17
숙박업(일반),(주)동부산온천호텔,부산광역시 기장군 장안읍 장안로 38,051-727-9991,2007-08-06
숙박업(일반),브라운도트호텔(기장연화리점),부산광역시 기장군 기장읍 연화길 46-5,051-723-2146,2015-02-02
숙박업(일반),큐모텔,부산광역시 기장군 일광읍 일광로 88-1,051-723-1229,2020-12-23
숙박업(일반),고움료칸호텔 기장점,부산광역시 기장군 정관읍 산단1로 98-41,051-728-3443,2025-02-26
숙박업(일반),에이치에비뉴(H-AVENUE) 정관점,부산광역시 기장군 정관읍 산단2로 31-24,,2025-05-19
숙박업(일반),덴 바스타,부산광역시 기장군 정관읍 산단2로 31-38,051-728-0709,2022-05-12
숙박업(일반),호텔여기어때 정관점,부산광역시 기장군 정관읍 산단2로 31-32,051-728-1011,2024-02-29
숙박업(일반),호텔썸,부산광역시 기장군 정관읍 산단1로 98-25,051-728-5208,2026-02-10
숙박업(일반),세븐브릭스호텔,"부산광역시 기장군 정관읍 구연4로 20 ((3,4,5층))",051-727-1006,2018-10-01
숙박업(일반),호텔다온,"부산광역시 기장군 정관읍 구연4로 12 (해오름프라자 3,4,5층)",051-727-5559,2020-07-21
숙박업(일반),기장호텔,부산광역시 기장군 기장읍 차성남로 57,051-721-1850,2016-01-22
숙박업(일반),호텔라움,부산광역시 기장군 정관읍 산단1로 98-17,051-728-6038,2019-05-10
숙박업(일반),브라운도트호텔,"부산광역시 기장군 정관읍 산단1로 98-31, 1~8층",051-728-8100,2018-03-15
숙박업(일반),더원호텔,"부산광역시 기장군 정관읍 산단2로 31-4, 1~3층",051-728-4237,2017-01-26
숙박업(일반),아난티 앳 부산 코브 호텔,"부산광역시 기장군 기장읍 기장해안로 268-32, 2층~10층",051-509-1111,2018-05-17
숙박업(일반),하운드기장일광,부산광역시 기장군 일광읍 해송3로 2,,2024-03-20
숙박업(일반),주식회사 케니스테이부산기장,부산광역시 기장군 기장읍 차성남로51번길 26,051-990-1100,2024-02-02
숙박업(일반),베스트루이스해밀턴호텔 오션테라스,부산광역시 기장군 기장읍 연화1길 27,,2024-04-24
숙박업(일반),더클럽호텔(기장연화리점),"부산광역시 기장군 기장읍 연화길 78, 지하1층~지상11층",,2022-07-04
숙박업(일반),하운드호텔 정관,부산광역시 기장군 정관읍 산단1로 98-11,051-728-1800,2022-07-08
숙박업(일반),에이치에비뉴 기장일광점,"부산광역시 기장군 일광읍 해송4로 3, 지하1층~지상15층층",,2023-04-26
숙박업(일반),아난티 앳 부산 빌라쥬,"부산광역시 기장군 기장읍 기장해안로 267-17, 아난티 앳 부산 1-12층",02-6742-1565,2023-07-14
숙박업(일반),이제 부산,"부산광역시 기장군 기장읍 연화길 70, 1~8층",,2023-08-10
숙박업(일반),더비치하우스,부산광역시 기장군 장안읍 해맞이로 250-64,,2024-08-21
숙박업(일반),드림호텔,부산광역시 기장군 기장읍 차성로 398,,2026-03-06
숙박업(생활),스테이화가,부산광역시 기장군 기장읍 연화길 10,051-722-5947,2025-11-07
숙박업(생활),골든베이,"부산광역시 기장군 기장읍 기장해안로 536, 1~2층",051-722-2260,2018-09-13
숙박업(생활),아난티펜트하우스해운대,"부산광역시 기장군 기장읍 기장해안로 268-31, 지하3~지상10층",051-723-9633,2018-05-29
숙박업(생활),어베인(URBANE pool villa),"부산광역시 기장군 일광읍 일역길 78-1, 3~7층",,2024-05-31
숙박업(생활),해운대비치골프앤리조트,"부산광역시 기장군 기장읍 대변로 74, 해운대비치골프앤리조트",051-726-0707,2019-10-25
숙박업(생활),연화리330호텔&풀빌라,"부산광역시 기장군 기장읍 기장해안로 460, 1~7(2층제외)층",,2026-06-19
숙박업(생활),타이드어웨이풀빌라,"부산광역시 기장군 기장읍 기장해안로 26, 지하1~지상4층",,2020-06-18
숙박업(생활),"뉴 테라스 펜션(부산, 숙소, 기장, 일광, 바베큐, 오션뷰)",부산광역시 기장군 일광읍 기장해안로 1309-4,,2024-10-31
숙박업(생활),빌라드연화,"부산광역시 기장군 기장읍 연화1길 21, 3,4층",,2025-09-22
숙박업(생활),기장 일광 더뮤즈호텔 앤 레지던스,"부산광역시 기장군 일광읍 해송3로 4, 1~11층",051-7238-285,2021-12-17
숙박업(생활),엘모멘토 오시리아,"부산광역시 기장군 기장읍 동부산관광7로 17, 오시리아 스위첸 마티에 101~104동 54개호",051-704-1704,2022-05-04
숙박업(생활),르컬렉티브 부산기장,"부산광역시 기장군 기장읍 동부산관광7로 17, 오시리아 스위첸 마티에 101~104동 63개호",,2022-05-16
숙박업(생활),마티에 오시리아,"부산광역시 기장군 기장읍 동부산관광7로 17, 오시리아 스위첸 마티에 105동 1-24층 200호",051-983-5500,2025-10-02
숙박업(생활),와이컬렉션 by UH FLAT 오시리아,"부산광역시 기장군 기장읍 동부산관광7로 17, 오시리아 스위첸 마티에 101~104동 99개호",051-741-6600,2022-12-06
숙박업(생활),씨앤트리,"부산광역시 기장군 일광읍 일광로 808, 3,4층 201,301,302호",,2026-06-22
숙박업(생활),메르벨르A,"부산광역시 기장군 일광읍 장곡길 83-10, B1,1,2,3,4층",,2023-03-16
숙박업(생활),메르벨르B,"부산광역시 기장군 일광읍 장곡길 83-12, 1,2,3,4층",,2023-03-16
숙박업(생활),오실라,"부산광역시 기장군 기장읍 동부산관광7로 17, 오시리아 스위첸 마티에 101~104동 53개호",,2023-04-10
숙박업(생활),빌라쥬드 아난티 클리퍼,"부산광역시 기장군 기장읍 기장해안로 267-7, A,B,C,D동 지하1-지상12층",02-6742-1565,2023-07-14
숙박업(생활),빌라쥬드 아난티 빌라동,"부산광역시 기장군 기장읍 기장해안로 267-17, 스프링하우스맨션, 풀하우스맨션, 매너하우스 1-3층",02-6742-1565,2023-07-14
숙박업(생활),뉴시즈 오시리아 레지던스,"부산광역시 기장군 기장읍 동부산관광7로 17, 오시리아 스위첸 마티에 101~104동 86개호",,2023-09-11
숙박업(생활),카이브 기장일광점,"부산광역시 기장군 일광읍 삼성3길 7, 3,4층",,2024-03-04
숙박업(생활),헤이든 풀빌라,"부산광역시 기장군 일광읍 문오성길 22, 1,2,3층",,2024-04-24
숙박업(생활),흘로 부산(Hlow Busan),부산광역시 기장군 기장읍 대변3길 11,,2024-02-07
숙박업(생활),문베이,부산광역시 기장군 일광읍 기장해안로 1322,,2024-02-15
숙박업(생활),오데이즈 오시리아 레지던스,"부산광역시 기장군 기장읍 동부산관광7로 17, 오시리아 스위첸 마티에 101~104동 33개호",,2025-12-30
숙박업(생활),하이바이풀빌라,"부산광역시 기장군 장안읍 반룡로 276, 1~7동",,2024-06-11
숙박업(생활),비우담,"부산광역시 기장군 장안읍 해맞이로 336, 비우담 전체동",,2024-07-04
숙박업(생활),스테이화양연화,"부산광역시 기장군 기장읍 기장해안로 494-3, 로투스하우스",,2025-05-26
숙박업(생활),소유 오시리아,"부산광역시 기장군 기장읍 동부산관광7로 17, 오시리아 스위첸 마티에 101~104동 37개호",,2025-06-27
숙박업(생활),호텔 공감공간 오시리아점,"부산광역시 기장군 기장읍 동부산관광7로 17, 오시리아 스위첸 마티에 101~104동 31개호",,2025-09-08
숙박업(생활),하루연화,"부산광역시 기장군 기장읍 연화2길 6, 3층",,2025-10-31
